image_id,latitude,longitude,Impervious Surface,Grass,Dead Vegetation,Bare Ground,Cultivated Vegetation,Bush / Scrub,Water (river),Water (lake),LST
16,32.421257,-81.782794,1,0,0,0,0,0,0,0,309.6664367
17,32.421316,-81.773222,0,1,0.5,0,0,0,0,0,302.0124878
18,32.435723,-81.7776,0,0,0.3333333333,0.6666666667,0,0,0,0,307.8747265
19,32.434788,-81.782911,0,1,0,0,0,0,0,0,301.7814906
20,29.521291,-95.524672,1,1,0,0,0,0,0,0,306.6228644
22,40.584145,-74.346553,0,1,0.3333333333,0,0,0,0,0,302.5385199
28,34.147653,-118.743082,0.6666666667,0,0,0.3333333333,0,0,0,0,304.8751719
32,34.147498,-118.753924,1,0,0,0,0,0,0,0,308.886251
33,32.430291,-81.780745,0.3333333333,0.6666666667,0.6666666667,0,0,0,0,0,305.8843486
39,29.516763,-95.525591,0.6666666667,1,0,0,0,0,0,0,308.1267398
41,32.420388,-81.777469,1,0,0,0,0,1,0,0,311.3574565
50,32.416747,-81.782755,0.6666666667,0,0,0.3333333333,0,0,0,0,311.3576681
52,32.425807,-81.776452,0.6666666667,0.6666666667,0.3333333333,0,0,0,0,0,303.1295707
53,32.430304,-81.778617,0,0.3333333333,0.6666666667,0.3333333333,0,0,0,0,308.179648
58,37.316401,-122.045224,0,0,0.6666666667,0.6666666667,0,0.6666666667,0,0,315.6529482
59,37.310993,-122.045292,0.6,0,0.2,1,0,0,0,0,315.7584215
60,37.31203,-122.062206,1,0,0,0,0,0,0,0,311.2836807
61,37.31659,-122.068921,0.6666666667,0,0,0,0,0,0,0,314.0767097
62,37.330019,-122.057468,1,0,0.3333333333,0,0,0,0,0,313.2435566
66,34.147358,-118.763682,1,0,1,0,0,0,0,0,309.3428473
67,32.412243,-81.781653,1,1,0,0.6666666667,0,0,0,0,311.5451358
68,32.41227,-81.777399,1,0,0,0,0,0,0,0,308.7091006
69,37.32636,-122.050741,0,0,0,0.6666666667,0,0,0,0,313.2151798
70,37.307523,-122.062262,0,0.5,0.5,0,0,0,0,0,302.9459578
71,37.316625,-122.073435,0.5,0,0,0,0,0.5,0,0,311.9870864
72,37.32114,-122.074508,1,0,0.3333333333,0.3333333333,0,0,0,0,313.3379778
74,32.417609,-81.789143,0.3333333333,0.6666666667,0,0,0,0,0,0,302.3558303
75,34.143068,-118.74841,0.6666666667,0,0,0,0,0,0,0,307.9112398
76,37.320952,-122.050809,1,0,0.5,0.5,0,0,0,0,316.1495151
77,37.307577,-122.069032,1,0.6666666667,0,0,0,0,0,0,308.8858462
78,37.312119,-122.07349,1,0.6666666667,0,0,0,0,0,0,304.9758592
80,37.329965,-122.050696,1,0,0,0,0,0,0,0,315.3276872
81,37.307397,-122.046466,1,0,0,0,0,0,0,0,312.4158626
82,34.15185,-118.76486,0.6666666667,0,0,0,0,0,0,0,311.2811627
83,37.312074,-122.067848,1,0,0,0.3333333333,0,1,0,0,314.5350286
84,37.325513,-122.057524,1,0,0,0,0,0,0,0,313.2204489
85,37.325629,-122.072195,1,0,0,0,0,0,0,0,310.3750496
87,34.142851,-118.763588,0.6666666667,0,0,0,0,0,0,0,307.1833038
88,34.142991,-118.753831,1,0,0,0,0,0,0,0,311.0763901
89,32.411308,-81.786962,0,0.6666666667,0,0,0,0,0,0,309.7003869
90,37.329929,-122.046181,1,0,0,0,0,0,0,0,314.56849
91,37.321808,-122.045155,0,0,0.3333333333,1,0,0,0,0,313.1340193
92,37.306711,-122.073556,0.6666666667,0,0.6666666667,0.3333333333,0,0,0,0,304.8505834
94,37.326324,-122.046227,1,0,0,0,0,0,0,0,312.5373992
129,37.325558,-122.063167,0.6666666667,0,0,0,0,0,0,0,311.9201095
130,37.31194,-122.050922,1,0,0,0,0,0,0,0,315.2431929
131,37.321007,-122.05758,1,0,0,0,0,0,0,0,314.7203392
132,37.307433,-122.050979,0.6666666667,0,0,0,0,0,0,0,315.5122767
133,37.316455,-122.051994,0.6666666667,0,0,0,0,0,0,0,312.4122894
134,37.324701,-122.068821,1,0.6666666667,0,0,0,0,0,0,313.3703362
135,37.33101,-122.068743,0.6666666667,0,0,0,0,0,0,0,314.2220446
136,37.321042,-122.062094,1,0,0,0,0,0,0,0,310.9477898
137,37.307487,-122.057749,0.6666666667,0,0.3333333333,0.6666666667,0,0,0,0,315.4916486
138,37.330965,-122.0631,1,0,0,0,0,0,0,0,312.5700407
139,37.321096,-122.068865,1,0,0,0,0,0,0,0,314.1086589
140,37.311985,-122.056564,0,1,0,0,0,0,0,0,317.8522984
141,37.3165,-122.057636,1,0,0,0,0,0,0,0,313.9792569
143,29.512999,-95.533748,1,0,0,0,0,0,0,0,314.676879
144,29.515783,-95.529692,0,1,0,0,0,0,0,0,309.1293388
146,32.416819,-81.771057,1,1,0,0.5,0,0,0,0,306.8571374
149,29.530561,-95.511493,1,0,0,0,0,0,0,0,312.2550011
150,32.412309,-81.771019,0,0.3333333333,0.6666666667,0.3333333333,0,0,0,0,310.4287386
151,40.524723,-74.353034,0,1,0,0,0,0,0,0,304.9191757
153,32.425827,-81.773261,0,1,0,0,0,0,0,0,306.686451
156,47.73215,-122.12644,1,0,0,0,0,0,0,0,294.2132688
157,47.732047,-122.113105,0,0.5,0.5,1,0,0,0,0,293.4162974
158,47.725013,-122.13456,1,0,0,0,0,0,0,0,293.8999733
159,47.715843,-122.112047,0,1,0,1,0,0,0,0,295.064688
160,47.721148,-122.099956,0.6666666667,0.6666666667,0,0.3333333333,0,0,0,0,294.1307281
162,47.715946,-122.125378,1,0,0,0.3333333333,0,0,0,0,297.440604
163,41.611284,-70.563832,1,0,0,0,0,0,0,0,299.0967159
164,32.420329,-81.78704,0.6666666667,0.3333333333,0.3333333333,0.3333333333,0,0,0,0,301.6292549
165,47.715996,-122.132043,0,1,0.5,0,0,0,0,0,296.4436702
166,47.7203,-122.106637,0,1,0.3333333333,0,0,0,0,0,296.7509665
167,32.423983,-81.779627,1,0.6666666667,1,0,0,0,0,0,308.6985839
168,47.73399,-122.131744,0.6666666667,0,0,0.3333333333,0,0,0,0,296.3145114
169,47.720485,-122.130635,1,1,0,0,0,0,0,0,296.7035579
170,47.720454,-122.126636,0,0,0.25,0,0.25,0.75,0,0,298.3390015
171,47.715005,-122.12006,1,0,0,0,0,0,0,0,294.32293
172,47.714902,-122.10673,0,1,0.3333333333,0.3333333333,0,0,0,0,293.3499517
173,47.733743,-122.099739,0,1,0,0,0,0,0,0,293.271157
174,47.724953,-122.12656,0.6666666667,0,0.6666666667,0.6666666667,0,0,0,0,293.6506093
176,47.729451,-122.126485,0.3333333333,0,0.3333333333,0.3333333333,0,0,0,0,298.1563948
178,32.416687,-81.792326,0,0.6666666667,0,0,0,0,0,0,309.6627265
179,32.421191,-81.793429,0,0,0.5,0.25,0,0,0,0,310.5451807
180,32.424792,-81.794524,0.6666666667,0.6666666667,0,0,0,0,0,0,310.9780146
181,32.426669,-81.782841,1,0,0.3333333333,0.6666666667,0,0,0,0,303.8986797
182,47.737548,-122.12635,0,0.6666666667,0.3333333333,1,0,0,0,0,294.7608385
184,41.603017,-70.575632,0,0,0,0.6666666667,0,0.3333333333,0,0,296.330598
185,41.612086,-70.571052,0,0,0,0,0.3333333333,0.6666666667,0,0,296.4677207
187,42.486169,-83.546642,1,0.3333333333,0,0.6666666667,0,0,0,0,301.081042
189,41.616588,-70.571162,0,1,0.3333333333,0,0,0,0,0,296.0524136
190,41.612233,-70.560254,0,0,0.25,0.25,0.5,0.5,0,0,299.8123097
192,32.413988,-81.791239,0.6666666667,0,0,0,0,0,0,0,304.4394033
193,47.730401,-122.133137,0,1,0,0,0,0,0,0,293.9973413
194,47.715739,-122.098716,0.3333333333,1,0,0,0,0,0,0,290.3359124
195,47.723847,-122.099909,0.3333333333,0.3333333333,0,0.3333333333,0.3333333333,0.3333333333,0,0,294.7773623
196,47.729245,-122.099816,0.75,0.25,0.25,0.25,0,0,0,0,295.3409281
197,41.603983,-70.570856,0,0.3333333333,0.6666666667,0.3333333333,0,0,0,0,298.0782253
200,42.485323,-83.544174,0,1,0.6666666667,0,0,0,0,0,300.7027444
201,42.487365,-83.533307,0.3333333333,1,0,0,0,0,0,0,300.6516605
208,42.468444,-83.53376,0.6666666667,1,0,0.3333333333,0,0,0,0,300.0759749
209,42.468175,-83.545912,0.6666666667,1,0,0,0,0,0,0,300.4694278
210,42.477334,-83.538985,0,0,0,0,0.3333333333,0.6666666667,0,0,295.6212002
211,42.478099,-83.545098,1,1,0,0,0,0,0,0,298.6877429
212,42.478556,-83.524436,1,0,0,0,0,0,0,0,302.2180766
213,42.487526,-83.526013,0.75,0.5,0.25,0,0.25,0.25,0,0,296.6939143
217,41.605701,-70.576898,0,0,0.3333333333,0,0,1,0,0,299.9744641
225,42.467706,-83.526432,0.6666666667,1,0,0,0,0,0,0,300.6584812
226,42.473077,-83.527865,0.6666666667,1,0,0,0,0,0,0,300.2226313
227,42.472943,-83.533941,0,0.3333333333,1,0.6666666667,0,0,0,0,300.4708787
228,42.467437,-83.538584,0,1,0,0,0,0,0,0,299.9763866
229,42.485968,-83.515001,1,0,0,0,0,0,0,0,299.9966868
230,42.490466,-83.515181,0.6666666667,0,0,0,0,0,0,0,302.8900109
231,42.490829,-83.539531,0.8,1,0,0,0,0,0,0,298.4849286
233,41.606635,-70.57452,0,1,0,0,0,0,0,0,299.8883656
240,42.479321,-83.530549,0,1,0,0,0,0,0,0,300.1012812
241,42.477468,-83.532908,1,0,0,0,0,0,0,0,297.9077993
242,42.491232,-83.521295,1,0,0,0,0,0,0,0,303.1687824
243,42.472835,-83.538803,0,0,1,0.6666666667,0,0,0,0,295.6502494
244,41.603082,-70.570834,0,0,0.6666666667,0.6666666667,0.3333333333,0,0,0,298.0519664
252,42.4727,-83.544879,0,0,0,1,0,0,0,0.3333333333,297.3571298
253,42.481967,-83.533089,1,0,0,0,0,0,0,0,302.9026923
254,42.490991,-83.532237,1,0,0,0,0,0,0,0,302.515704
258,42.491125,-83.526158,1,1,0,0,0,0.3333333333,0,0,298.5163837
259,41.607584,-70.570943,0.3333333333,1,0,0,0,0,0,0,296.8285214
266,42.480798,-83.545208,0.3333333333,1,0,0,0,0,0,0,300.0742482
267,42.481832,-83.539167,0,0.6666666667,0.3333333333,0.3333333333,0,0,0,0,296.4842929
268,42.482047,-83.529443,1,0.75,0.25,0,0,0,0,0,302.5177332
271,42.476837,-83.520717,0.6666666667,0,0,0.3333333333,0,0,0,0,296.9161317
272,34.147265,-118.770187,1,0,0,0,0,0,0,0,308.3334096
276,34.151788,-118.769197,0.6666666667,0,0,0,0,0,0,0,306.7898798
278,42.474244,-83.515747,1,1,0,0,0,0,0,0,300.6569833
279,42.485834,-83.521079,0,1,0,0,0,0,0,0,301.862057
282,42.47697,-83.51464,0.6666666667,1,0,0,0,0,0,0,300.6703792
283,42.482235,-83.520934,1,1,0,0,0,0,0,0,297.0988752
286,34.142929,-118.758167,1,0,0,0,0,0,0,0,309.3228107
289,42.481442,-83.516036,1,0.6666666667,0,0,0,0,0,0,299.65245
290,42.467973,-83.51428,0,1,0,0,0,0,0,0,300.6760442
291,42.475937,-83.520681,0.25,0.75,0,0.75,0,0,0,0,297.2660119
293,34.147421,-118.759345,0.6666666667,0,0,0,0,0,0,0,310.1875175
298,42.467786,-83.522786,0.6666666667,1,0,0,0,0,0,0,300.581742
301,34.508671,-82.718978,1,0.6666666667,0,0,0,0,0,0,302.0684658
302,34.511113,-82.737546,0,0.3333333333,1,0,0,0,0,0,305.9574567
303,34.523763,-82.73563,0,0.6666666667,0.3333333333,0,0,0,0,0,305.9845109
304,34.528471,-82.721564,1,0,0,0,0,0,0,0,307.0031516
305,34.527462,-82.72917,0,1,0,0.2,0,0,0,0,306.8920889
308,34.528239,-82.737902,1,1,0,0,0,0,0,0,305.6698348
313,34.520235,-82.73011,0,1,0,0.3333333333,0,0,0,0,306.2719259
316,34.520142,-82.736644,0,1,0,0.3333333333,0,0,0,0,307.1467852
390,29.965454,-95.409441,0,1,0.25,0.25,0,0,0,0,304.6300665
392,29.971072,-95.398179,0,1,0,0,0,0,0,0,303.1138852
393,29.970038,-95.405407,1,1,0,0,0,0,0,0,310.5266269
395,29.97896,-95.410803,0,1,0,0,0,0,0,0,304.8907746
400,29.96534,-95.415654,0,0.6666666667,0,0,0,0,0,0,306.1029954
401,29.970132,-95.400229,0,0.6666666667,0,0,0,0,0,0,303.6751885
404,29.974356,-95.415872,1,0,0,0,0,0,0,0,310.551434
406,29.978978,-95.409767,0,1,0,0.3333333333,0,0,0,0,308.2347464
408,29.974451,-95.410694,0.6666666667,0.6666666667,0,0,0,0,0,0,310.6683645
413,29.965718,-95.394943,0,1,0,0,0,0,0,0,308.4308436
415,29.965529,-95.405298,0,1,0,0,0,0,0,0,305.2043041
417,29.965435,-95.410476,0,1,0,0,0,0,0.3333333333,0,305.1323944
418,29.965454,-95.409441,0,1,0,0,0,0,0,0,304.6300665
419,29.975391,-95.408644,1,1,0,0,0,0,0,0,310.961799
420,29.970882,-95.408536,1,1,0,0,0,0,0,0,311.7111829
423,27.667274,-97.375755,1,0,0,0,0,0,0,0,312.2213789
432,30.303177,-97.892426,0,1,0,0.3333333333,0,0.3333333333,0,0,297.5722879
434,34.385162,-118.583758,0.6666666667,0,0,0,0,0,0,0,312.1977252
436,47.729234,-122.098483,0,0.6666666667,0,1,0,0,0,0,294.1100013
437,37.909577,-122.500599,0,0.6666666667,0.6666666667,0,0,0,0,0,302.8676257
440,30.500415,-97.751613,0,0.75,0,0,0,0,0,0,301.5020037
441,42.449261,-83.463676,0.3333333333,1,0,1,0.6666666667,0,0,0,296.4265844
442,30.303159,-97.890347,0,0.8,0.2,0,0,0.2,0,0,302.2397197
443,30.302283,-97.893476,0,1,0,0,0.3333333333,0,0,0,294.1459134
444,30.302283,-97.893476,0,0.3333333333,0.3333333333,0,0,0,0,0,294.1459134
447,47.715905,-122.120045,0.6666666667,0,0,1,0.3333333333,0.3333333333,0,0,293.6824313
448,37.90333,-122.515428,1,0,0,0,0,0,0,0,307.9887738
449,37.897875,-122.50409,1,0,0,0,0,0,0,0,309.0264024
450,37.906911,-122.509717,0,0.6666666667,0.3333333333,0,0,0,0,0,298.7534246
451,37.435458,-122.055017,0,0.3333333333,0.3333333333,0.6666666667,0,0.3333333333,0,0,296.1092141
452,37.897917,-122.514327,1,1,0,0,0,0,0,0,309.5959103
454,34.38412,-118.594615,1,0,0,0,0,0,0,0,312.6096181
455,34.384936,-118.601156,1,0,0,0,0,0,0,0,310.3634835
458,37.911422,-122.510825,0.6666666667,0,0,0,0,0,0,0,303.4462354
462,37.901504,-122.509753,1,0,0,0,0,0,0,0,307.6878483
465,32.418363,-81.812547,0,0.6666666667,0.6666666667,0.3333333333,0,0,0,0,304.6922967
466,30.302283,-97.893476,0,1,0,0.6666666667,0,0.3333333333,0,0,294.1459134
468,30.30407,-97.891376,0,1,0,0.5,0,0,0,0,297.190896
472,37.903282,-122.504054,1,0,0,0,0,0,0,0,307.2755936
473,37.913239,-122.514226,1,0,0,0,0,0,0,0,303.8007317
475,47.719595,-122.131983,0.6666666667,0,0,0,0.6666666667,0.3333333333,0,0,294.1321349
476,34.380725,-118.578237,1,0,0,0,0,0,0,0,310.3931364
479,47.724746,-122.099894,1,0,0,0,0,0,0,0,294.0096728
484,47.733743,-122.099739,1,0,0,0,0,0,0,0,293.271157
485,37.8988,-122.509771,1,0,0,0,0,0,0,0,307.5787023
486,37.9123,-122.505131,1,0.3333333333,0.3333333333,0,0,0,0,0,302.5501096
487,30.495904,-97.751671,0,1,0,0,0,0,0,0,304.2275144
490,47.738241,-122.099661,0,0,0,0,0.6666666667,0.3333333333,0,0,293.141819
491,37.433736,-122.065211,0,0,0,1,0,0.3333333333,0,0,296.3211842
492,37.433727,-122.064081,0,0.25,0.25,0.75,0,0,0,0,296.3070644
493,37.283827,-122.029842,0,0.8,0.8,0.4,0,0,0,0,313.0829154
494,30.30407,-97.891376,0,0.75,0,1,0,0,0,0,297.190896
495,30.30407,-97.891376,0,0.6666666667,0,0,0,0,0,0,297.190896
497,47.738447,-122.126335,1,0,0.3333333333,0,0,0,0,0,293.6489093
498,30.302283,-97.893476,0,1,0.3333333333,0.6666666667,0,0,0,0,294.1459134
504,47.738498,-122.133003,0,0.3333333333,0,0,0,0.6666666667,0,0,295.1312599
505,47.733049,-122.126425,0.6666666667,0,0,0.3333333333,0,0,0,0,293.7538748
506,47.729501,-122.133152,1,1,0,0,0,0,0,0,290.1052812
507,37.916016,-122.53241,1,0,0,0,0,0,0,0,305.1895935
508,30.298665,-97.892477,0,0.6666666667,0,0.3333333333,0,0.3333333333,0,0,304.360221
510,41.684937,-83.654143,0,0.6666666667,0,0,0,0,0,0,297.5910746
511,47.72029,-122.105304,0,1,0,0,0,0,0,0,296.7716843
512,30.490699,-97.773616,0,1,0,0,0,0,0,0,306.6180419
517,37.92043,-122.509628,1,0,0,0,0,0,0,0,311.6559238
518,37.920449,-122.514178,1,0,0,0,0,0,0,0,306.4707013
520,37.9159,-122.503969,0.6666666667,0,0,0,0,0,0,0,308.1129602
521,34.402149,-118.594957,1,0,0,0,0,0,0,0,315.2820507
523,30.303168,-97.891387,0,1,0.5,0,0,0.5,0,0,301.372916
524,37.920406,-122.503939,1,0,0,0,0,0,0,0,313.1706205
525,34.392233,-118.594769,1,0,0,0,0,0,0,0,311.4728158
527,34.393063,-118.600223,1,0,0,0,0,0,0,0,313.650715
529,37.912361,-122.51992,1,0.6666666667,0,0,0,0,0,0,304.6352734
530,37.911487,-122.526751,0.6666666667,0,0,0,0,0,0,0,304.7557117
533,30.486227,-97.77784,1,0.6666666667,0,0,0,0,0,0,302.6804999
534,30.490561,-97.759032,0.6666666667,0,0,0,0,0,0,0,301.8492054
549,30.302257,-97.890357,1,0.3333333333,0,0,0,0,0,0,302.4363531
553,30.302283,-97.893476,0,0.6666666667,0.3333333333,0.6666666667,0,0,0,0,294.1459134
554,37.903399,-122.53249,0.6666666667,0,0,0,0,0,0,0,307.4834895
555,37.898892,-122.532519,1,0,0,0,0,0,0,0,310.6795337
561,37.920482,-122.522142,0.6666666667,0,0,0,0,0,0,0,302.0737899
565,40.526478,-74.344753,0,1,0,0,0,0,0,0,306.7195189
568,34.388499,-118.604487,1,0,0,0,0,0,0,0,308.6290051
569,34.388641,-118.593613,0,1,0,0,0,0,0,0,311.2589505
571,30.303168,-97.891387,0,0,0.6,0,0,0.6,0,0,301.372916
573,34.388556,-118.600138,1,0,0,0,0,0,0,0,313.450146
574,37.901578,-122.527952,0.6666666667,0,0,0.6666666667,0,0,0,0,310.51175
575,34.388698,-118.589263,0.6666666667,0,0.3333333333,0,0,0,0,0,313.4865714
578,30.509536,-97.761917,1,0.6666666667,0,0,0,0,0,0,305.8426323
579,30.500613,-97.77245,1,0.6666666667,0,0,0,0,0,0,307.7335465
583,30.299559,-97.891427,0,0.6666666667,0.3333333333,0,0.3333333333,0,0,0,306.0698419
585,37.906935,-122.515405,1,0,0,0,0,0,0,0,309.0674375
586,29.580617,-95.12467,1,0,0,0,0,0,0,0,310.4812386
587,29.581618,-95.118498,1,1,0,0,0,0,0,0,311.1756131
590,29.586111,-95.119624,1,0,0,0,0,0,0,0,310.6461965
598,37.91151,-122.532439,0.6666666667,0,0,0,0,0,0,0,296.7952087
600,47.715854,-122.11338,0,0,0.75,0.75,0,0,0,0,295.8441061
602,37.920505,-122.527831,0.6666666667,0,0,0.6666666667,0,0,0,0,304.2278697
606,34.393248,-118.586086,1,0,0,0,0,0,0,0,311.7254988
608,47.715802,-122.106714,1,0.75,0.5,0,0,0,0,0,294.0366151
609,37.915971,-122.521034,0.25,0,0,0.75,0,0,0,0,303.259304
612,34.390458,-118.59256,0,1,0,0,0,0,0,0,309.1565279
613,37.914145,-122.515358,1,0,0.3333333333,0,0,0,0,0,301.210052
614,34.384331,-118.578304,1,0,0,0,0,0,0,0,312.5626214
615,47.720248,-122.099971,0.6666666667,1,0,0,0,0,0,0,294.4092676
616,30.48709,-97.773662,0.6666666667,0.6666666667,0,0,0,0,0,0,306.1466154
622,37.92142,-122.531238,1,0,0,0,0,0,0,0,302.1698801
627,30.30407,-97.891376,0,1,0.25,0.25,0,0,0,0,297.190896
628,30.30407,-97.891376,0,1,0,0,0,0,0,0,297.190896
633,30.297746,-97.890408,0,0.6666666667,0.3333333333,0.3333333333,0,0,0,0,304.3933434
635,30.300479,-97.893497,0.25,0.75,0.25,0.5,0,0,0,0,301.2528416
636,41.685837,-83.65418,1,1,0,0,0,0,0,0,297.5440525
637,30.301372,-97.892447,0,0.3333333333,1,0,0,0,0,0,302.3967719
638,30.301381,-97.893486,0,0.6666666667,0,1,0,0,0,0,297.7376771
640,30.297737,-97.889368,0,1,0.3333333333,0.6666666667,0.3333333333,0,0,0,303.5532368
641,30.297737,-97.889368,0.3333333333,1,0,1,0,0,0,0,303.5532368
642,47.715739,-122.098716,0.6666666667,1,0,0,0,0,0,0,290.3359124
644,30.300461,-97.891417,0,0.6666666667,0,1,0,0,0,0,304.5880783
654,30.303168,-97.891387,0.3333333333,0,0,0.6666666667,0,1,0,0,301.372916
655,30.303168,-97.891387,0,0,0,0.6666666667,0.3333333333,0.6666666667,0,0,301.372916
656,30.303168,-97.891387,0,0,0.6666666667,1,0.3333333333,0.6666666667,0,0,301.372916
659,34.392105,-118.604556,1,0,0,0,0,0,0,0,312.0312231
660,37.897968,-122.526838,0.6666666667,0,0,0.3333333333,0,0,0,0,308.8951546
661,34.388839,-118.578389,0.6666666667,0,0,0,0,0,0,0,311.2533402
663,37.906958,-122.521092,0.8,0,0,0,0,0,0,0,307.6332086
665,30.508674,-97.766096,0.3333333333,0,0,0.6666666667,0,0,0,0,301.3414467
666,30.504182,-97.768237,1,0.75,0,0,0,0,0,0,303.8644329
667,30.487031,-97.767411,0,0.6,0.6,0.6,0,0,0,0,305.9962309
668,30.487884,-97.762191,0.75,0.75,0,0,0,0,0,0,307.4434392
673,34.38967,-118.583843,0.6666666667,0,0,0,0,0,0,0,312.8407381
677,34.403178,-118.585186,0.6666666667,0,0,0,0,0,0,0,312.4631268
680,43.666603,-116.661382,0,0.3333333333,0.3333333333,0.3333333333,0,0,0,0,312.7872659
686,37.907004,-122.532467,1,0,0,0,0,0,0,0,305.9396179
687,30.301381,-97.893486,0,0.6666666667,0,1,0,0,0,0,297.7376771
692,30.303177,-97.892426,0,1,0.6666666667,0,0,0,0,0,297.5722879
700,37.915994,-122.526722,0,0.3333333333,0.6666666667,1,0,0,0,0,302.1229513
701,37.915924,-122.509657,0.6666666667,0,0,0.3333333333,0,0.3333333333,0,0,309.660418
704,37.902452,-122.521122,0.6666666667,0,0,0,0,0,0,0,306.9549009
712,37.906981,-122.52678,1,0,0,0,0,0,0,0,309.435602
714,29.581436,-95.129848,1,0.75,0.25,0,0,0,0,0,311.751708
715,29.5817,-95.113339,1,1,0,0,0,0,0,0,310.7992755
720,43.671105,-116.661356,1,0,0,0,0,0,0,0,313.3791193
721,47.724963,-122.127894,0,0,0.75,0.25,0,0,0,0,294.5509081
722,47.734,-122.133078,0,0.3333333333,0,0,0.6666666667,0,0,0,293.3507735
723,30.299515,-97.886228,1,0,0,0,0,0,0,0,303.4194352
725,29.663391,-95.138804,1,1,0,0,0,0,0,0,312.9388457
726,29.658982,-95.132513,1,0,0,0,0,0,0,0,308.0126237
727,29.649128,-95.128174,0.8,0.6,0,0,0,0,0,0,310.140537
729,29.594882,-95.135292,0,1,0,0,0,0,0,0,308.4878903
731,29.578158,-95.109137,0.3333333333,0.6666666667,0,0,0,0,0,0,310.6675451
732,29.577092,-95.119436,0.6666666667,0.6666666667,0,0,0,0,0,0,313.1802855
733,47.720464,-122.127969,1,0,0,1,0,0,0,0,298.4676651
734,37.909648,-122.517662,0,0.3333333333,0.3333333333,0.3333333333,0,0,0,0,308.5671757
735,30.303168,-97.891387,0,0.3333333333,0.6666666667,0.6666666667,0,0.3333333333,0,0,301.372916
736,41.685391,-83.673384,0,0,0,0,0,0.5,0,0,292.1213237
737,29.662656,-95.128458,0.6666666667,0,0,0,0,0,0,0,311.4805809
738,29.658799,-95.143871,1,0,0,0,0,0,0,0,311.1318554
739,29.649045,-95.133336,0,0.6666666667,0,0,0,0,0,0,312.9313343
740,29.649863,-95.138518,0.6666666667,0.6666666667,0,0,0,0,0,0,312.7979943
741,29.590372,-95.135197,0,0.6666666667,0,0,0.3333333333,0,0,0,310.2467495
742,47.715036,-122.12406,0,0,0,0.6666666667,0.3333333333,0.6666666667,0.3333333333,0,293.5371437
743,47.725003,-122.133227,1,0,0.3333333333,0.3333333333,0,0,0,0,291.3059378
744,29.645354,-95.138422,1,0,0,0,0,0,0,0,312.7530705
745,41.685279,-83.678185,0,0.3333333333,0.6666666667,0.3333333333,0,0,0,0,292.4988009
746,29.658229,-95.123201,0.6666666667,0,0,0,0,0,0,0,310.7242631
747,29.654289,-95.143776,0.6666666667,0.6666666667,0,0,0,0,0,0,311.7189404
748,29.654373,-95.138613,1,1,0,0,0,0,0,0,312.9982968
749,29.649696,-95.148843,0.5,1,0,0,0,0,0,0,312.1187233
750,29.64527,-95.143585,0,1,0,0,0,0,0,0,313.2630169
755,47.720393,-122.118636,1,0,0,0.3333333333,0,0,0,0,296.1577972
756,47.729451,-122.126485,0,1,0,0,0,0,0,0,298.1563948
757,30.299497,-97.884149,0,1,0,0,0,0,0,0,305.8857676
761,29.662573,-95.133622,0.6666666667,0.6666666667,0,0.3333333333,0,0,0,0,315.3055734
762,29.662739,-95.123295,1,0.6666666667,0,0,0,0,0,0,313.9018949
763,29.654206,-95.148939,0.6666666667,0,0,0,0,0,0,0,312.9774011
764,29.64978,-95.14368,0,0.3333333333,0.6666666667,0,0,0,0,0,313.6419102
765,29.645437,-95.13326,0.6666666667,0,0,0,0,0,0,0,311.7121603
771,47.715996,-122.132043,0,1,0.3333333333,0.3333333333,0,0,0,0,296.4436702
772,30.30223,-97.887237,1,0,0,0,0,0.25,0,0,305.1436747
773,30.303159,-97.890347,1,0.25,0,0.25,0,0.75,0,0,302.2397197
774,29.663224,-95.14913,1,0,0,0,0,0,0,0,312.5770135
775,29.65798,-95.138689,1,1,0,0,0,0,0,0,310.8402827
776,29.64921,-95.123011,0,0.6666666667,0,0,0,0,0,0,315.7130803
777,29.6517,-95.136491,0.6666666667,0,0,0,0,0,0,0,314.5190001
779,29.585879,-95.13407,0.6666666667,1,0,0,0,0,0,0,310.4950402
780,34.515882,-82.719126,1,1,0,0,0,0,0,0,304.1718544
781,34.506806,-82.723297,0,1,0,0,0,0,0,0,307.0742114
782,34.508671,-82.718978,0.6666666667,0,0,0,0,0,0,0,302.0684658
783,47.803105,-122.234762,0.6666666667,1,0,0,0,0,0,0,300.638721
784,47.798606,-122.234828,1,0,0.25,0,0,0.75,0,0,300.168616
785,34.511298,-82.724479,0.2,0,0.2,1,0,0.2,0,0,303.6639335
787,47.789474,-122.214935,1,0,0,0,0,0,0,0,304.5512914
788,47.79042,-122.221597,1,0,0,0,0,0,0,0,297.0496707
791,34.517485,-82.733321,0,1,0,0,0,0,0,0,309.2990916
792,47.803015,-122.221409,0.6666666667,0,0,0.3333333333,0,0,0,0,298.3684708
793,41.694137,-83.684561,0,0,0.6666666667,0,0,0.3333333333,0,0,299.3405422
795,29.640661,-95.149683,1,0,0,0,0,0,0,0,309.2291587
796,29.639943,-95.138308,1,0,0,0,0,0,0,0,314.3374042
797,34.523918,-82.724739,1,0,0,0.2,0,0,0,0,305.8173555
798,34.529326,-82.72485,0.6666666667,1,0,0,0,0,0,0,307.1082983
799,34.506466,-82.747252,0,0.6666666667,0,0.3333333333,0.3333333333,0,0,0,304.551335
801,34.515589,-82.739817,0,1,0,0,0,0,0,0,307.5896101
802,34.520904,-82.746464,1,0,0,0,0,0,0,0,304.7102936
803,34.516568,-82.734391,1,0,0,0,0,0,0,0,308.1869988
804,47.799416,-122.221462,1,0,0.6666666667,0.3333333333,0,0.6666666667,0,0,299.8288015
805,47.798471,-122.2148,1,0,0,1,0,0,0,0,300.0199975
810,47.786011,-122.235013,1,0.6666666667,0,0,0,0,0,0,304.4036667
811,47.803193,-122.248116,1,0,0,0,0,0,0,0,298.4332892
812,47.798651,-122.241505,1,0.6666666667,0,0,0,0,0,0,298.1735118
813,37.895073,-122.481362,0.6666666667,0.6666666667,0,0,0,0,0,0,308.9539699
815,47.780568,-122.228418,1,0.6666666667,0,0,0,0,0,0,301.0678637
816,47.780666,-122.243101,0.25,0.5,0.25,0.5,0.5,0,0,0,300.8601504
817,34.515805,-82.724571,1,0,0,0,0,0,0,0,308.9085775
818,47.780613,-122.235092,1,0.6666666667,0,0,0,0,0,0,299.2682685
819,47.794152,-122.24157,0.6666666667,0.3333333333,0,0,0,0,0,0,300.1910424
820,34.510989,-82.746257,0.6666666667,1,0.3333333333,0,0,0,0,0,307.6757765
821,34.51032,-82.729905,0.75,0.25,0.25,0.25,0,0,0,0,302.2891024
822,34.519487,-82.719201,1,0,0,0,0,0,0,0,305.0634927
823,34.521044,-82.736663,0,1,0.3333333333,0,0,0,0,0,307.7064646
824,34.529187,-82.734653,0,0.6666666667,0.3333333333,0,0,0,0,0,307.5793024
825,47.798562,-122.228152,1,0,0.3333333333,0.6666666667,0,0,0,0,297.5998745
826,47.724799,-122.10656,1,0.6666666667,0,0,0,0,0,0,298.7449142
829,34.515713,-82.731105,1,0,0,0,0,0,0,0,308.3717098
830,47.785067,-122.228352,1,1,0,0,0,0,0,0,302.9175662
831,47.784976,-122.215003,0.6666666667,0.6666666667,0,0.3333333333,0,0,0,0,300.4714269
832,47.781423,-122.221731,0,0,0.25,1,0,0.25,0,0,302.8569924
833,47.7285,-122.119833,0.6666666667,0,0.3333333333,0.3333333333,0.3333333333,0.6666666667,0,0,295.2192764
835,47.794108,-122.234894,1,1,0,0,0,0,0,0,301.8418842
836,47.780613,-122.235092,1,0.6666666667,0,0,0,0,0,0,299.2682685
837,47.794063,-122.228219,1,0,0,0,0,0,0,0,301.6838363
838,41.68657,-83.661419,0,1,0,0,0,0,0,0,295.2322976
839,29.639826,-95.145535,0,0.6666666667,0,0,0,0,0,0,311.0586325
840,34.524665,-82.735648,0,1,0,0,0,0,0,0,305.2826104
841,34.519411,-82.724646,0.6666666667,1,0,0,0,0,0,0,307.154382
842,29.64552,-95.128098,0,1,0,0.5,0,0,0,0,306.6230678
843,34.511375,-82.719034,1,1,0,0,0,0,0,0,305.3011662
844,47.803869,-122.214718,1,0.3333333333,0,0,0,0.3333333333,0,0,291.9451029
845,47.803069,-122.229421,1,0.6666666667,0,0.3333333333,0,0,0,0,299.5417888
846,47.720352,-122.113303,0,0,0.3333333333,0.6666666667,0,0,0,0,297.2913213
847,47.789574,-122.22962,1,0,0,0,0,0,0,0,296.285595
849,47.7852,-122.248376,1,0,0,0,0,0,0,0,298.760393
852,47.785022,-122.221677,1,0.3333333333,0,0,0,0,0,0,300.4782967
854,47.732947,-122.11309,0,0.6666666667,0.6666666667,1,0,0,0,0,294.169501
855,29.640109,-95.127984,0.75,0,0,0,0,0,0,0,306.8008993
856,29.642881,-95.123911,0.3333333333,0.6666666667,0,0.6666666667,0,0,0,0,308.7236392
857,34.505843,-82.727634,0,0.6666666667,0.6666666667,0.3333333333,0,0,0,0,305.3104376
858,34.523593,-82.74761,0,1,0,0,0,0,0,0,308.7866387
859,34.511051,-82.741902,0,1,0,0,0,0,0,0,306.0985489
863,47.789707,-122.249646,1,0,0,0,0,0,0,0,297.0387821
865,47.794918,-122.22153,0.3333333333,1,0,0,0,0,0,0,295.462601
866,29.640009,-95.134178,1,0,0,0,0,0,0,0,312.6880993
867,34.524742,-82.730203,1,0,0,0,0,0,0,0,302.9251573
868,34.506544,-82.741808,0,1,0,0,0,0,0,0,303.6499901
869,34.524911,-82.718223,0.5,0,0,0.5,0,0,0,0,308.2024259
870,34.514579,-82.747421,1,0.6666666667,0,0,0,0,0,0,306.3903204
879,47.724002,-122.119909,0.6666666667,0.6666666667,0.3333333333,0,0,0,0,0,294.5387711
880,47.737394,-122.106345,0,0.3333333333,0.3333333333,0.3333333333,0.3333333333,0,0,0,292.5599089
888,47.738345,-122.112998,0,1,0.3333333333,1,0,0,0,0,295.7612429
889,47.738386,-122.118333,0.6666666667,0,0,0.3333333333,0,0.6666666667,0,0,291.7116353
890,47.723951,-122.113242,1,0,0.6666666667,0,0,0,0,0,295.185621
892,47.733795,-122.106407,0.3333333333,1,0.3333333333,0,0,0,0,0,295.3174125
901,37.320132,-122.060977,0,0,0.5,0.5,0,0.5,0,0,306.5437486
906,47.733898,-122.119742,1,1,0,0,0,0,0,0,297.3560585
907,29.974546,-95.405516,0,1,0,0,0,0,0,0,311.0780043
908,29.96491,-95.389743,0,1,0,0,0,0,0,0,308.9996828
909,29.971898,-95.402344,0,0.6666666667,0,0,0,0,0,0,308.1541018
910,29.974546,-95.405516,0,1,0.3333333333,0,0,0,0,0,311.0780043
912,29.965943,-95.382516,1,0,0,0,0,0,0,0,308.2041108
913,30.505124,-97.772393,0,0.75,0,0.75,0,0,0,0,301.9487282
914,29.965624,-95.400121,0.6666666667,0,0,0,0,0,0,0,310.0049739
918,41.689638,-83.684374,0.75,0.75,0.25,0.5,0,0,0,0,297.2064302
919,41.685139,-83.684186,1,0,0,0,0,0,0,0,300.0364055
920,29.969325,-95.395029,0.6666666667,0,0,0,0,0,0,0,304.1789845
924,29.973777,-95.398244,1,1,0,0,0,0,0,0,310.50173
925,29.965831,-95.388729,0.8,0,0,0,0,0,0,0,308.1788087
926,29.966544,-95.399107,1,0,0,0,0,0,0,0,309.1010288
927,30.496102,-97.772507,0.3333333333,0.6666666667,0.3333333333,0.6666666667,0,0,0,0,294.9909203
933,30.504936,-97.752597,0,1,0,0,0,0,0,0,297.8975261
934,30.500662,-97.777659,0,1,0,1,0,0,0,0,310.4225888
935,47.729349,-122.113151,0,0.3333333333,0.3333333333,0.6666666667,0,0.6666666667,0,0,294.4669864
936,30.505183,-97.778645,0,1,0,0,0,0,0,0,307.0186704
939,30.509447,-97.75254,0.6666666667,0.6666666667,0,0,0,0,0,0,300.3213158
940,30.509694,-97.778589,0,0.3333333333,0.3333333333,1,0,0,0,0,306.8793402
943,30.508743,-97.77339,0.3333333333,0.3333333333,1,0,0,0.6666666667,0,0,307.1554833
945,30.496161,-97.778758,0,1,0,0,0,0,0,0,307.4823784
947,30.497838,-97.765191,0,1,0,0,0,0,0,0,305.9496217
949,47.72667,-122.115863,1,0,0,0.6666666667,0,0,0,0,296.3740732
952,47.72668,-122.117197,0,0.6666666667,0.6666666667,0.6666666667,0,0,0,0,297.159904